Res Freq.,Theta [Rad],Amp. [Volt],Error [Volt]
458,3.141527138,0.1037,
,3.018195906,0.1026,
,2.895337948,0.0978,
,2.773438929,0.0933,
,2.653010101,0.0895,
,2.534601848,0.0848,
,2.418817969,0.0798,
,2.306330691,0.0733,
,2.197896004,0.0706,
,2.094368356,0.0697,
,1.996712891,0.0684,
,1.906012162,0.0672,
,1.82346277,0.0672,
,1.750355994,0.0669,
,1.688035882,0.0665,
,1.637829956,0.0662,
,1.600952826,0.0662,
,1.578392076,0.0714,
,1.570796327,0.0707,
